Agent Type,Outcome_encoded,Mean
oaf,0.5515668461264173,
python,0.3367876570272817,
sql,0.3367876570272817,
Mean,,0.4083807200603269
